id,province_id,name,link,other_link,explanation,member_link
1,32,KPU Kabupaten Bogor,http://www.kpud-bogorkab.go.id,,,http://www.kpu.go.id/koleksigambar/DATA_ANGGOTA_DPRD_KAB_BOGOR.pdf
2,32,KPU Kabupaten Sukabumi,http://www.kpu-sukabumikab.org/,,,
3,32,KPU Kabupaten Cianjur,http://www.kpud-cianjurkab.go.id/,,,http://www.kpu.go.id/koleksigambar/DATA_ANGGOTA_DPRD_CIANJUR.pdf
4,32,KPU Kabupaten Purwakarta,http://kpud-purwakartakab.go.id/,,,http://www.kpu.go.id/koleksigambar/DATA_ANGGOTA_DPRD_PURWAKARTA.pdf
5,32,KPU Kabupaten Subang,http://kpud-subangkab.go.id/,,,
6,32,KPU Kabupaten Bandung,http://kpu-bandungkab.go.id/en/       ,http://www.kpukabbdg.blogspot.com/,,http://www.kpu.go.id/koleksigambar/DATA_ANGGOTA_DPRD_KAB_BANDUNG.pdf
7,32,KPU Kabupaten Sumedang,http://www.kpud-sumedangkab.go.id/,,,
8,32,KPU Kabupaten Garut,http://kpud-garutkab.go.id/,,,
9,32,KPU Kabupaten Tasikmalaya,http://www.kpud-tasikmalayakab.go.id/,http://kputasik.wordpress.com/,,http://www.kpu.go.id/koleksigambar/DATA_ANGGOTA_DPRD_KAB_TASIKMALAYA.pdf
10,32,KPU Kabupaten Ciamis,http://www.kpu-ciamiskab.go.id/,,,
11,32,KPU Kabupaten Kuningan,http://www.kpud-kuningankab.go.id/,,,http://www.kpu.go.id/koleksigambar/DATA_ANGGOTA_DPRD_KUNINGAN.pdf
12,32,KPU Kabupaten Cirebon,http://kpud-cirebonkab.go.id/,,,
13,32,KPU Kabupaten Indramayu,http://www.kpu-indramayukab.go.id/home,,,
14,32,KPU Kabupaten Bandung Barat,,,,http://www.kpu.go.id/koleksigambar/DATA_ANGGOTA_DPRD_BANDUNG_BARAT.pdf
15,32,KPU Kabupaten Karawang,,,,
16,32,KPU Kabupaten Bekasi,http://www.kpukabbekasi.org,,,
17,32,KPU Kabupaten Majalengka,,,,http://www.kpu.go.id/koleksigambar/DATA_ANGGOTA_DPRD_MAJALENGKA.pdf
18,32,KPU Kota Cirebon,http://kpu-cirebonkota.go.id/,,,http://www.kpu.go.id/koleksigambar/DATA_ANGGOTA_DPRD_KOTA_CIREBON.pdf
19,32,KPU Kota Bandung,http://kpud-bandungkota.go.id/,,,http://www.kpu.go.id/koleksigambar/DATA_ANGGOTA_DPRD_KOTA_BANDUNG.pdf
20,32,KPU Kota Cimahi,http://www.kpukotacimahi.com/,,,http://www.kpu.go.id/koleksigambar/DATA_ANGGOTA_DPRD_CIMAHI.pdf
21,32,KPU Kota Bekasi,http://kpud-bekasikota.go.id/,,,http://www.kpu.go.id/koleksigambar/DATA_ANGGOTA_DPRD_KOTA_BEKASI.pdf
22,32,KPU Kota Tasikmalaya,http://www.kpud-tasikmalayakota.go.id/,,,http://www.kpu.go.id/koleksigambar/DATA_ANGGOTA_DPRD_KOTA_TASIKMALAYA.pdf
23,32,KPU Kota Bogor,http://kpu-bogorkota.go.id/,,,http://www.kpu.go.id/koleksigambar/DATA_ANGGOTA_DPRD_KOTA_BOGOR.pdf
24,32,KPU Kota Banjar,http://kpud-banjarkota.go.id/1/,,,http://www.kpu.go.id/koleksigambar/DATA_ANGGOTA_DPRD_KOTA_BANJAR.pdf
25,32,KPU Kota Sukabumi,http://kpu-sukabumikota.go.id/,,,
26,32,KPU Kota Depok,http://kpud-depokkota.go.id/,http://kpudepok.wordpress.com/,,http://www.kpu.go.id/koleksigambar/DATA_ANGGOTA_DPRD_KOTA_DEPOK.pdf
27,33,Kab. Banjarnegara,http://banjarnegarakab.kpu.go.id/,,tidak aktif,http://www.kpu.go.id/koleksigambar/DATA_ANGGOTA_DPRD_BANJARNEGARA.pdf
28,33,Kab. Banyumas ,http://kpubanyumas.blog.com,,,http://www.kpu.go.id/koleksigambar/DATA_ANGGOTA_DPRD_KAB_BANYUMAS2.pdf
29,33,Kab. Batang,http://kpu-batangkab.go.id/,,,http://www.kpu.go.id/koleksigambar/DATA_ANGGOTA_DPRD_BATANG.pdf
30,33,Kab. Blora,http://kpud-blorakab.go.id/index.html,,,
31,33,Kab. Boyolali,https://boyolalikab.kpu.go.id/,,tidak aktif,http://www.kpu.go.id/koleksigambar/DATA_ANGGOTA_DPRD_BOYOLALI.pdf
32,33,Kab. Brebes,http://kpukabupatenbrebes.blogspot.com/,http://brebeskab.kpu.go.id/,,http://www.kpu.go.id/koleksigambar/DATA_ANGGOTA_DPRD_KAB_BREBES.pdf
33,33,Kab. Cilacap,http://kpud-cilacapkab.go.id/,,,
34,33,Kab. Demak,http://demakkab.kpu.go.id/,,tidak aktif,http://www.kpu.go.id/koleksigambar/DATA_ANGGOTA_DPRD_DEMAK.pdf
35,33,Kab. Grobogan,http://kpud-grobogankab.go.id/home,,,http://www.kpu.go.id/koleksigambar/DATA_ANGGOTA_DPRD_KAB_GROBOGAN.pdf
36,33,Kab. Jepara,http://kpud.jeparakab.go.id/,,,
37,33,Kab. Karanganyar,http://mediacenter.kpukaranganyar.com/,,,
38,33,Kab. Kebumen,http://kpud.kebumenkab.go.id/,http://kebumenkab.kpu.go.id/,tidak aktif,"http://www.kpu.go.id/koleksigambar/DATA_ANGGOTA_DPRD_KEBUMEN,OK.pdf"
39,33,Kab. Klaten,http://kpu-klatenkab.go.id/,,,
40,33,Kab. Kudus,http://kuduskab.kpu.go.id/,,tidak aktif,http://www.kpu.go.id/koleksigambar/DATA_ANGGOTA_DPRD_KUDUS1.pdf
41,33,Kab. Kendal,https://kendalkpu.wordpress.com/,http://kendalkab.kpu.go.id/,tidak aktif,http://www.kpu.go.id/koleksigambar/DATA_ANGGOTA_DPRD_KENDAL.pdf
42,33,Kab. Magelang,http://kpukabmagelang.com/,,,http://www.kpu.go.id/koleksigambar/DATA_ANGGOTA_DPRD_KAB_MAGELANG.pdf
43,33,Kab. Pati,http://patikab.kpu.go.id/,,Tidak Aktif,
44,33,Kab. Pekalongan,https://pekalongankab.kpu.go.id/,,tidak aktif,
45,33,Kab. Pemalang,https://kpupemalang.wordpress.com/about/,http://pemalangkab.kpu.go.id/,tidak aktif,http://www.kpu.go.id/koleksigambar/DATA_ANGGOTA_DPRD_KAB_PEMALANG1.pdf
46,33,Kab. Purbalingga,http://www.kpud-purbalinggakab.go.id/,,,
47,33,Kab. Purworejo,https://kpupurworejo.wordpress.com/,,,
48,33,Kab. Rembang,http://www.kpud-rembangkab.go.id/,,,http://www.kpu.go.id/koleksigambar/DATA_ANGGOTA_DPRD_REMBANG.pdf
49,33,Kab. Semarang,https://kpukabsemarang.wordpress.com/author/kpukabsemarang/,,,"http://www.kpu.go.id/koleksigambar/DATA_ANGGOTA_DPRD_KAB_SEMARANG,OK1.pdf"
50,33,Kab. Sragen,http://kpu-sragenkab.go.id,https://kpusrg.wordpress.com/,tidak aktif,http://www.kpu.go.id/koleksigambar/DATA_ANGGOTA_DPRD_SRAGEN.pdf
51,33,Kab. Sukoharjo,http://kpud-sukoharjokab.go.id/,,,http://www.kpu.go.id/koleksigambar/DATA_ANGGOTA_DPRD_KAB_SUKOHARJO1.pdf
52,33,Kab. Surakarta,,,,http://www.kpu.go.id/koleksigambar/DATA_ANGGOTA_DPRD_SURAKARTA.pdf
53,33,Kab. Temanggung,http://temanggungkab.kpu.go.id/,,tidak aktif,http://www.kpu.go.id/koleksigambar/DATA_ANGGOTA_DPRD_TEMANGGUNG_edit.pdf
54,33,Kab. Wonogiri,http://www.kpud-wonogirikab.go.id/,https://kpuwonogiri.wordpress.com/,,http://www.kpu.go.id/koleksigambar/DATA_ANGGOTA_DPRD_KAB_WONOGIRI.pdf
55,33,Kab. Wonosobo,http://kpud-wonosobokab.go.id/,,Tidak Aktif,http://www.kpu.go.id/koleksigambar/DATA_ANGGOTA_DPRD_WONOSOBO.pdf
56,33,Kota Magelang,http://www.kpud-magelangkota.go.id/,,,http://www.kpu.go.id/koleksigambar/DATA_ANGGOTA_DPRD_KOTA_MAGELANG.pdf
57,33,Kota Semarang ,http://kpu-semarangkota.go.id/v2/,https://semarangkota.kpu.go.id/,,
58,33,Kota Pekalongan ,https://kpupekalongan.wordpress.com/,http://kpu-pekalongankota.go.id/home,,
59,33,Kota Salatiga,http://kpusalatiga.com/,https://kpusalatiga.wordpress.com/jajaran-kpu/,http://salatigakota.kpu.go.id/,
60,33,Kota Tegal ,http://kpukotategal.blogspot.com/,http://tegalkota.kpu.go.id/,Yang Terpakai Blogspot,
61,33,Kota Solo,https://kpukotasolo.wordpress.com/about/,,,
62,33,Kab. Tegal,http://kpud-tegalkab.go.id/,,,
63,33,Kab. Kajen,https://kpukajen.wordpress.com/,,,
64,35,KPU Bangkalan,https://bangkalankab.kpu.go.id/,,Tidak Aktif,http://www.kpu.go.id/koleksigambar/DATA_ANGGOTA_DPRD_BANGKALAN_edit.pdf
65,35,KPU Banyuwangi,http://kpud-banyuwangikab.go.id/,,,http://www.kpu.go.id/koleksigambar/DATA_ANGGOTA_DPRD_BANYUWANGI.pdf
66,35,KPU Blitar,http://kpu.blitarkab.go.id/,,,http://www.kpu.go.id/koleksigambar/DATA_ANGGOTA_DPRD_BLITAR.pdf
67,35,KPU Bojonegoro,http://kpud-bojonegorokab.go.id/,http://bojonegorokab.kpu.go.id/,,http://www.kpu.go.id/koleksigambar/DATA_ANGGOTA_DPRD_BOJONEGORO_edit.pdf
68,35,KPU Bondowoso,http://www.kpud-bondowosokab.go.id/,,,http://www.kpu.go.id/koleksigambar/DATA_ANGGOTA_DPRD_BONDOWOS-edit.pdf
69,35,KPU Gresik,http://kpud-gresikkab.go.id/,,,http://www.kpu.go.id/koleksigambar/DATA_ANGGOTA_DPRD_GRESIK.pdf
70,35,KPU Jember,http://kpud-jemberkab.go.id/,,,http://www.kpu.go.id/koleksigambar/DATA_ANGGOTA_DPRD_KAB_JEMBER.pdf
71,35,KPU Jombang,http://www.kpud-jombangkab.go.id/home,http://jombangkab.kpu.go.id/,,http://www.kpu.go.id/koleksigambar/DATA_ANGGOTA_DPRD_JOMBANG.pdf
72,35,KPU Kediri,http://kpud-kedirikab.go.id/kabkediri_home/,,,
73,35,KPU Lamongan,https://lamongankab.kpu.go.id/,,Tidak Aktif ,http://www.kpu.go.id/koleksigambar/DATA_ANGGOTA_DPRD_LAMONGAN1.pdf
74,35,KPU Lumajang,http://www.kpud-lumajangkab.go.id/,,,http://www.kpu.go.id/koleksigambar/DATA_ANGGOTA_DPRD_LUMAJANG.pdf
75,35,KPU Madiun,https://madiunkab.kpu.go.id/,,Tidak Aktif,
76,35,KPU Magetan,http://kpud-magetankab.go.id/,,,http://www.kpu.go.id/koleksigambar/DATA_ANGGOTA_DPRD_MAGETAN.pdf
77,35,KPU Malang,http://kpud-malangkab.go.id/,,,http://www.kpu.go.id/koleksigambar/DATA_ANGGOTA_DPRD_KABUPATEN_MALANG_edit.pdf
78,35,KPU Mojokerto,http://kpu-mojokertokab.go.id/,,,http://www.kpu.go.id/koleksigambar/DATA_ANGGOTA_DPRD_MOJOKERTOpdf.pdf
79,35,KPU Nganjuk,http://www.kpud-nganjukkab.go.id/,,,http://www.kpu.go.id/koleksigambar/DATA_ANGGOTA_DPRD_NGANJUK.pdf
80,35,KPU Ngawi,http://www.kpu-ngawikab.go.id/,,,
81,35,KPU Pacitan,http://www.kpud-pacitankab.go.id/,,,http://www.kpu.go.id/koleksigambar/DATA_ANGGOTA_DPRD_PACITAN.pdf
82,35,KPU Pamekasan,http://www.kpud-pamekasankab.go.id/,,,http://www.kpu.go.id/koleksigambar/DATA_ANGGOTA_DPRD_PAMEKASAN_edit.pdf
83,35,KPU Pasuruan,http://www.kpud-pasuruankab.go.id/,,,http://www.kpu.go.id/koleksigambar/DATA_ANGGOTA_DPRD_PASURUAN_edit.pdf
84,35,KPU Ponorogo,http://kpud-ponorogokab.go.id/,,,http://www.kpu.go.id/koleksigambar/DATA_ANGGOTA_DPRD_PONOROGO.pdf
85,35,KPU Probolinggo,http://probolinggokab.kpu.go.id/,,Tidak Aktif,http://www.kpu.go.id/koleksigambar/DATA_ANGGOTA_DPRD_PROV_PROBOLINGGO.pdf
86,35,KPU Sampang,http://kpud.sampangkab.go.id/,,,
87,35,KPU Sidoarjo,http://kpud-sidoarjokab.go.id/,,,http://www.kpu.go.id/koleksigambar/DATA_ANGGOTA_DPRD_SIDOARJO.pdf
88,35,KPU Situbondo,http://situbondokab.kpu.go.id/,,Tidak Aktif,
89,35,KPU Sumenep,http://kpud-sumenepkab.go.id/,,,
90,35,KPU Trenggalek,kputrenggalekkab.go.id,,,http://www.kpu.go.id/koleksigambar/DATA_ANGGOTA_DPRD_TRENGGALEK.pdf
91,35,KPU Tuban,http://kpud-tubankab.go.id/,,,
92,35,KPU Tulungagung,http://kpu-tulungagungkab.go.id/,,,http://www.kpu.go.id/koleksigambar/DATA_ANGGOTA_DPRD_TULUNGAGUNG.pdf
93,35,KPU KotaBatu,http://kpu.batukota.go.id/,,,http://www.kpu.go.id/koleksigambar/DATA_ANGGOTA_DPRD_KOTA_BATU_edit.pdf
94,35,KPU Kota Blitar,http://kpu.blitarkota.go.id/,,,http://www.kpu.go.id/koleksigambar/DATA_ANGGOTA_DPRD_KOTA_BLITAR.pdf
95,35,KPU Kota Kediri,http://kpu.kedirikota.go.id/,,,http://www.kpu.go.id/koleksigambar/DATA_ANGGOTA_DPRD_KOTA_KEDIRI-edit1.pd
96,35,KPU Kota Madiun,http://kpu-madiunkota.go.id/contact,,,http://www.kpu.go.id/koleksigambar/DATA_ANGGOTA_DPRD_KOTA_MADIUN-edit1.pdf
97,35,KPU Kota Malang,http://kpud-malangkota.go.id/,,,http://www.kpu.go.id/koleksigambar/DATA_ANGGOTA_DPRD_KOTA_MALANG.pdf
98,35,KPU Kota Mojokerto,http://www.kpukotamojokerto.com/,,,"http://www.kpu.go.id/koleksigambar/DATA_ANGGOTA_DPRD_KOTA_MOJOKERTO,_OK.pdf"
99,35,KPU Kota Pasuruan,http://kpud-pasuruankota.go.id/,,,
100,35,KPU Kota Probolinggo,http://kpukotaprobolinggo.blogspot.com/,,,http://www.kpu.go.id/koleksigambar/DATA_ANGGOAT_DPRD_KOTA_PROBOLINGGO.pdf
101,35,KPU Kota  Surabaya,http://www.kpusurabaya.go.id/,,,http://www.kpu.go.id/koleksigambar/DATA_ANGGOTA_DPRD_KOTA_SURABAYA.pdf
102,36,KPU Kabupaten Lebak ,www.kpu-lebakkab.go.id,,Tidak Aktif,http://www.kpu.go.id/koleksigambar/DATA_ANGGOTA_DPRD_KAB._LEBAK_.pdf
103,36,KPU Kabupaten Pandeglang,http://kpu-pandeglangkab.go.id/,,,
104,36,KPU Kabupaten Serang,http://kpu.serangkab.go.id/,,,
105,36,KPU Kabupaten Tangerang,http://kpu-tangerangkab.go.id/,,,
106,36,KPU Kota Cilegon,http://kpud-cilegonkota.go.id/,,,
107,36,KPU Kota Serang,http://kpuserangkota.blogspot.com/,,,
108,36,KPU Kota Tangerang,http://www.kpu-tangerangkota.go.id/,,,
109,36,KPU Kota Tangerang Selatan,http://tangselkota.kpu.go.id/,https://kputangerangselatan.wordpress.com/,,http://www.kpu.go.id/koleksigambar/DATA_ANGGOTA_DPRD_TANGERANG_SELATAN.pdf
110,31,Jakarta Pusat,,,,
111,31,Jakarta Selatan,http://kpu-jakartaselatankota.go.id/,,,
112,31,Jakarta Barat,http://kpu-jakartabaratkota.go.id/,,,
113,31,Jakarta Timur,http://kpu-jakartatimurkota.go.id/,,,
114,31,Jakarta Utara,http://www.kpu-jakartautarakota.go.id/,,,
115,31,Kepulauan Seribu,http://kpu-pulauseribu.go.id/,,,
116,51,Kabupaten Badung,http://www.kpu-badungkab.go.id/,,,http://www.kpu.go.id/koleksigambar/DATA_ANGGOTA_DPRD_BADUNG.pdf
117,51,Kabupaten Bangli,http://kpu-banglikab.go.id/,,,http://www.kpu.go.id/koleksigambar/DATA_ANGGOTA_DPRD_BANGLI.pdf
118,51,Kabupaten Buleleng,http://kpud-bulelengkab.go.id/,https://kpubuleleng.wordpress.com/,,http://www.kpu.go.id/koleksigambar/DATA_ANGGOTA_DPRD_BULELENG.pdf
119,51,Kabupaten Gianyar,http://www.kpud-gianyarkab.go.id/,,,http://www.kpu.go.id/koleksigambar/DATA_ANGGOTA_DPRD_GIANYAR.pdf
120,51,Kabupaten Jembrana,http://www.kpu-jembranakab.go.id/,,,http://www.kpu.go.id/koleksigambar/DATA_ANGGOTA_DPRD_JEMBRANA.pdf
121,51,Kabupaten Karangasem,http://kpu-karangasem.blogspot.com/,,,http://www.kpu.go.id/koleksigambar/DATA_ANGGOTA_DPRD_KARANGASEM.pdf
122,51,Kabupaten Klungkung,http://www.kpu-klungkungkab.go.id,,,http://www.kpu.go.id/koleksigambar/DATA_ANGGOTA_DPRD_KLUNGKUNG.pdf
123,51,Kabupaten Tabanan,https://kputabanan.wordpress.com/,,,http://www.kpu.go.id/koleksigambar/DATA_ANGGOTA_DPRD_TABANAN.pdf
124,51,Kota Denpasar,http://kpu-denpasarkota.go.id/,,,http://www.kpu.go.id/koleksigambar/DATA_ANGGOTA_DPRD_KOTA_DENPASAR.pdf
125,52,Kabupaten Bima,http://kpu-bimakab.go.id/,,,
126,52,Kabupaten Dompu,http://www.kpu-dompukab.go.id/,,,
127,52,Kabupaten Lombok Barat,https://lombokbaratkab.kpu.go.id,,tidak aktif,
128,52,Kabupaten Lombok Tengah,http://kpu-lomboktengahkab.go.id/kpu,,,
129,52,Kabupaten Lombok Timur,http://lomboktimurkab.kpu.go.id/,,tidak aktif,
130,52,Kabupaten Lombok Utara,http://kpu-lombokutarakab.go.id/,,,http://www.kpu.go.id/koleksigambar/DATA_ANGGOTA_DPRD_LOMBOK_UTARA.pdf
131,52,Kabupaten Sumbawa,http://kpud-sumbawakab.go.id/,,,http://www.kpu.go.id/koleksigambar/DATA_ANGGOTA_DPRD_KAB_SUMBAWA.pdf
132,52,Kabupaten Sumbawa Barat,http://www.kpu-sumbawabaratkab.go.id,,suspend,http://www.kpu.go.id/koleksigambar/DATA_ANGGOTA_DPRD_SUMBAWA_BARAT.pdf
133,52,Kota Bima,http://www.kpu-bimakota.go.id,,,
134,52,Kota Mataram,https://mataramkota.kpu.go.id/,,tidak aktif,
135,53,Kabupaten Alor,http://alorkab.kpu.go.id/,,tidak aktif,
136,53,Kabupaten Belu,http://belukab.kpu.go.id/,,tidak aktif,http://www.kpu.go.id/koleksigambar/DATA_ANGGOTA_DPRD_BELU.pdf
137,53,Kabupaten Ende,http://endekab.kpu.go.id/,,tidak aktif,
138,53,Kabupaten Flores Timur,https://kpuflorestimur.wordpress.com/author/kpuflorestimur/,,,http://www.kpu.go.id/koleksigambar/flores_timur.pdf
139,53,Kabupaten Kupang,http://kpukabkupang.blogspot.com/,,,
140,53,Kabupaten Lembata,http://lembatakab.kpu.go.id/,,tidak aktif,
141,53,Kabupaten Malaka,,,,
142,53,Kabupaten Manggarai,,,,http://www.kpu.go.id/koleksigambar/manggarai.pdf
143,53,Kabupaten Manggarai Barat,http://manggaraibaratkab.kpu.go.id/,,tidak aktif,
144,53,Kabupaten Manggarai Timur,,,,
145,53,Kabupaten Ngada,http://ngadakab.kpu.go.id/,,tidak aktif,
146,53,Kabupaten Nagekeo,http://nagekeokab.kpu.go.id/,,tidak aktif,
147,53,Kabupaten Rote Ndao,http://rotendaokab.kpu.go.id/,,tidak aktif,
148,53,Kabupaten Sabu Raijua,http://saburaijuakab.kpu.go.id/,,tidak aktif,
149,53,Kabupaten Sikka,http://sikkakab.kpu.go.id/,,tidak aktif,
150,53,Kabupaten Sumba Barat,http://sumbabaratkab.kpu.go.id/,,tidak aktif,
151,53,Kabupaten Sumba Barat Daya,,,,
152,53,Kabupaten Sumba Tengah,http://sumbatengahkab.kpu.go.id/,,tidak aktif,http://www.kpu.go.id/koleksigambar/DATA_ANGGOTA_DPRD_SUMBA_TENGAH.pdf
153,53,Kabupaten Sumba Timur,http://kpukabst.blogspot.com/,,,http://www.kpu.go.id/koleksigambar/DATA_ANGGOTA_DPRD_SUMBA_TIMUR.pdf
154,53,Kabupaten Timor Tengah Selatan,http://ttskab.kpu.go.id/,,tidak aktif,
155,53,Kabupaten Timor Tengah Utara,http://ttukab.kpu.go.id/,,tidak aktif,
156,53,Kota Kupang,http://kupangkota.kpu.go.id/,,tidak aktif,
157,73,Kabupaten Bantaeng,http://kpu-bantaengkab.go.id/cgi-sys/suspendedpage.cgi,http://mediacenter10.blogspot.com/,Suspend,http://www.kpu.go.id/koleksigambar/DATA_ANGGOTA_DPRD_BANTAENG.pdf
158,73,Kabupaten Barru,http://kpu-barrukab.go.id/component/content/frontpage,,,http://www.kpu.go.id/koleksigambar/DATA_ANGGOTA_DPRD_BARRU.pdf
159,73,Kabupaten Bone,http://kpu-bonekab.go.id/,,Tidak Aktif,http://www.kpu.go.id/koleksigambar/DATA_ANGGOTA_DPRD_BONE.pdf
160,73,Kabupaten Bulukumba,http://kpu-bulukumbakab.go.id/cgi-sys/suspendedpage.cgi,http://kpudbulukumba.blogspot.com/,Suspend,
161,73,Kabupaten Enrekang,http://kpud-enrekangkab.go.id/,http://kpuenrekang.blogspot.com/,,http://www.kpu.go.id/koleksigambar/DATA_ANGGOTA_DPRD_ENREKANG.pdf
162,73,Kabupaten Gowa,http://gowakab.kpu.go.id/,,Tidak Aktif,
163,73,Kabupaten Jeneponto,http://jenepontokab.kpu.go.id/,,Tidak Aktif,
164,73,Kabupaten Kepulauan Selayar,http://selayarkab.kpu.go.id/,,Tidak Aktif,
165,73,Kabupaten Luwu,http://luwukab.kpu.go.id/,,Tidak Aktif,http://www.kpu.go.id/koleksigambar/DATA_ANGGOTA_DPRD_LUWU.pdf
166,73,Kabupaten Luwu Timur,http://luwutimurkab.kpu.go.id/,,Tidak Aktif,
167,73,Kabupaten Luwu Utara,,,Tidak ada Web,
168,73,Kabupaten Maros,http://www.kpu-maroskab.go.id/cgi-sys/suspendedpage.cgi,,Suspend,
169,73,Kabupaten Pangkajene dan Kepulauan,http://kpu-pangkepkab.go.id/,,,
170,73,Kabupaten Pinrang,https://pinrangkab.kpu.go.id/,,Tidak Aktif,
171,73,Kabupaten Sidenreng Rappang,http://sinderengrapangkab.kpu.go.id/,,Tidak Aktif,http://www.kpu.go.id/koleksigambar/DATA_ANGGOTA_DPRD_SIDRAP.pdf
172,73,Kabupaten Sinjai,http://kpud.sinjaikab.go.id/,,,http://www.kpu.go.id/koleksigambar/DATA_ANGGOTA_DPRD_KAB_SINJAI.pdf
173,73,Kabupaten Soppeng,http://kpud-soppengkab.go.id/,,,
174,73,Kabupaten Takalar,http://takalarkab.kpu.go.id/,http://kputakalar.blogspot.com/,Tidak Aktif,
175,73,Kabupaten Tana Toraja,http://kpu-tanatorajakab.go.id/,,,
176,73,Kabupaten Toraja Utara,http://www.kpu-torajautarakab.go.id/,,,http://www.kpu.go.id/koleksigambar/DATA_ANGGOTA_DPRD_TORAJA_UTARA.pdf
177,73,Kabupaten Wajo,http://wajokab.kpu.go.id/,http://kpukabwajo.blogspot.com/,Tidak Aktif,http://www.kpu.go.id/koleksigambar/DATA_ANGGOTA_DPRD_WAJO_edit.pdf
178,73,Kota Makassar,http://makassarkota.kpu.go.id/,http://kpukotamakassar.blogspot.com/,Tidak Aktif,http://www.kpu.go.id/koleksigambar/DATA_ANGGOTA_DPRD_KOTA_MAKASSAR.pdf
179,73,Kota Palopo,http://kpu-palopokota.go.id/,,,http://www.kpu.go.id/koleksigambar/DATA_ANGGOTA_DPRD_KOTA_PALOPO.pdf
180,73,Kota Parepare,http://pareparekota.kpu.go.id/,https://mediacentrekpupare.wordpress.com/,Tidak Aktif,
181,12,Kabupaten Asahan,http://asahankab.kpu.go.id/,http://kpuasahan.blogspot.com/,Tidak Aktif,
182,12,Kabupaten Batubara,http://batubarakab.kpu.go.id/,http://kpu-batubara.blogspot.com/,Tidak Aktif,
183,12,Kabupaten Dairi,http://dairikab.kpu.go.id/,,Tidak Aktif,
184,12,Kabupaten Deli Serdang,http://deliserdangkab.kpu.go.id/,,Tidak Aktif,
185,12,Kabupaten Humbang Hasundutan,http://humbanghasundutankab.kpu.go.id/,,Tidak Aktif,
186,12,Kabupaten Karo,http://karokab.kpu.go.id/,,Tidak Aktif,
187,12,Kabupaten Labuhanbatu,http://kpud-labuhanbatukab.go.id/,,,
188,12,Kabupaten Labuhanbatu Selatan,,http://kpudlabusel.blogspot.com/,,
189,12,Kabupaten Labuhanbatu Utara,http://labuanbatuutarakab.kpu.go.id/,https://kpudlabuhanbatuutara.wordpress.com/,Tidak Aktif,
190,12,Kabupaten Langkat,http://kpu.langkatkab.go.id/,,,
191,12,Kabupaten Mandailing Natal,http://mandailingnatalkab.kpu.go.id/,,Tidak Aktif,
192,12,Kabupaten Nias,https://www.kpud-niaskab.go.id/home,,Tidak Aktif,
193,12,Kabupaten Nias Barat,http://niasbaratkab.kpu.go.id/,,Tidak Aktif,
194,12,Kabupaten Nias Selatan,http://niasselatankab.kpu.go.id/,,Tidak Aktif,
195,12,Kabupaten Nias Utara,http://niasutarakab.kpu.go.id/,,Tidak Aktif,
196,12,Kabupaten Padang Lawas,http://padanglawasutarakab.kpu.go.id/,,Tidak Aktif,
197,12,Kabupaten Padang Lawas Utara,http://padanglawasutarakab.kpu.go.id/,,Tidak Aktif,
198,12,Kabupaten Pakpak Bharat,http://pakpakbharatkab.kpu.go.id/,,Tidak Aktif,
199,12,Kabupaten Samosir,http://www.kpu-samosirkab.go.id/beranda,,,
200,12,Kabupaten Serdang Bedagai,http://serdangbedagaikab.kpu.go.id/,,Tidak Aktif,
201,12,Kabupaten Simalungun,http://simalungunkab.kpu.go.id/,,Tidak Aktif,
202,12,Kabupaten Tapanuli Selatan,http://tapanuliselatankab.kpu.go.id/,,Tidak Aktif,
203,12,Kabupaten Tapanuli Tengah,http://tapanulitengahkab.kpu.go.id/,,Tidak Aktif,
204,12,Kabupaten Tapanuli Utara,http://www.taputkab.go.id/,,,
205,12,Kabupaten Toba Samosir,http://tobasamosirkab.kpu.go.id/,http://kputobasamosir.blogspot.com/,Tidak Aktif,
206,12,Kota Binjai,http://www.kpud-binjaikota.go.id/beranda-binjai,,,
207,12,Kota Gunungsitoli,http://gunungsitolikota.kpu.go.id/,,Tidak Aktif,
208,12,Kota Medan,http://www.kpud-medankota.go.id/home,,,
209,12,Kota Padangsidempuan,http://www.kpud-padangsidempuankota.go.id/home,,,
210,12,Kota Pematangsiantar,http://pematangsiantarkota.kpu.go.id/,,Tidak Aktif,
211,12,Kota Sibolga,http://sibolgakota.kpu.go.id/,,Tidak Aktif,
212,12,Kota Tanjungbalai,http://tanjungbalaikota.kpu.go.id/,https://kputanjungbalai.wordpress.com/,Tidak Aktif,
213,12,Kota Tebing Tinggi,http://tebingtinggikota.kpu.go.id/,,Tidak Aktif,
214,13,Kabupaten Agam,http://www.kpud-agamkab.go.id/id/,,Suspend,
215,13,Kabupaten Dharmasraya,http://kpud-dharmasrayakab.go.id/,,,
216,13,Kabupaten Kepulauan Mentawai,http://kepmentawaikab.kpu.go.id/,http://kpukabkepmentawai.blogspot.com/,Tidak Aktif,
217,13,Kabupaten Lima Puluh Kota,http://kpu-limapuluhkotakab.go.id/,,,
218,13,Kabupaten Padang Pariaman,http://www.kpud-padangpariamankab.go.id/,,,
219,13,Kabupaten Pasaman,http://kpud-pasamankab.go.id/,,,
220,13,Kabupaten Pasaman Barat,https://pasamanbaratkab.kpu.go.id/,,Tidak Aktif,
221,13,Kabupaten Pesisir Selatan,http://pesisirselatankab.kpu.go.id/,,Tidak Aktif,
222,13,Kabupaten Sijunjung,http://sijunjungkab.kpu.go.id/,,Tidak Aktif,
223,13,Kabupaten Solok,http://kpud-solokkab.go.id/home,,,
224,13,Kabupaten Solok Selatan,http://www.kpu-solokselatankab.go.id/,,,
225,13,Kabupaten Tanah Datar,http://tanahdatarkab.kpu.go.id/,,Tidak Aktif,
226,13,Kota Bukittinggi,http://www.kpud-bukittinggikota.go.id/,,,
227,13,Kota Padang,http://www.kpu-padangkota.go.id/,,,
228,13,Kota Padangpanjang,http://kpu-padangpanjangkota.go.id/,,,
229,13,Kota Pariaman,http://www.kpud-pariamankota.go.id/,,,
230,13,Kota Payakumbuh,http://kpu-payakumbuhkota.go.id/,,,
231,13,Kota Sawahlunto,http://kpu.sawahluntokota.go.id/,,,
232,13,Kota Solok,http://kpukotasolok.blogspot.com/,,,
233,16,Kabupaten Banyuasin,http://banyuasinkab.kpu.go.id/,,Tidak Aktif,
234,16,Kabupaten Empat Lawang,http://empatlawangkab.kpu.go.id/,,Tidak Aktif,
235,16,Kabupaten Lahat,http://lahatkab.kpu.go.id/,http://kpu-lahat.blogspot.com/,Tidak Aktif,
236,16,Kabupaten Muara Enim,http://kpu.muaraenimkab.go.id/index.php/component/users/?view=registration,,,
237,16,Kabupaten Musi Banyuasin,http://mubakab.kpu.go.id/,http://kpudmuba.blogspot.com/,Tidak Aktif,
238,16,Kabupaten Musi Rawas,http://murakab.kpu.go.id/,,Tidak Aktif,
239,16,Kabupaten Musi Rawas Utara,,,,
240,16,Kabupaten Ogan Ilir,http://oganilirkab.kpu.go.id/,,Tidak Aktif,
241,16,Kabupaten Ogan Komering Ilir,,,,
242,16,Kabupaten Ogan Komering Ulu,http://okukab.kpu.go.id/,,Tidak Aktif,
243,16,Kabupaten Ogan Komering Ulu Selatan,http://okuselatankab.kpu.go.id/penugasan.php,,Tidak Aktif,
244,16,Kabupaten Penukal Abab Lematang Ilir,,,,
245,16,Kabupaten Ogan Komering Ulu Timur,http://okutimurkab.kpu.go.id/,,Tidak Aktif,
246,16,Kota Lubuklinggau,http://lubuklinggaukota.kpu.go.id/,,Tidak Aktif,
247,16,Kota Pagar Alam,http://pagaralamkota.kpu.go.id/,,Tidak Aktif,
248,16,Kota Palembang,http://palembangkota.kpu.go.id/,http://kpukotapalembang.blogspot.com/,Tidak Aktif,
249,16,Kota Prabumulih,http://prabumulihkota.kpu.go.id/,,Tidak Aktif,
250,14,Kabupaten Bengkalis,http://www.kpu-bengkaliskab.go.id/,,,
251,14,Kabupaten Indragiri Hilir,http://indragirihilirkab.kpu.go.id/,"http://kpu-inhil.blogspot.com/,http://kpuseribujembatan.blogspot.com/",Tidak Aktif,
252,14,Kabupaten Indragiri Hulu,http://indragirihulukab.kpu.go.id/,https://kpuindragirihulu.wordpress.com/,Tidak Aktif,
253,14,Kabupaten Kampar,http://kamparkab.kpu.go.id/index.php,,,
254,14,Kabupaten Kuantan Singingi,http://kuantansingingikab.kpu.go.id/,https://kpukuansing.wordpress.com/,Tidak Aktif,
255,14,Kabupaten Pelalawan,http://pelalawankab.kpu.go.id/,,Tidak Aktif,
256,14,Kabupaten Rokan Hilir,http://rokanhilirkab.kpu.go.id/,http://kpu-kabrokanhilir.blogspot.com/,Tidak Aktif,
257,14,Kabupaten Rokan Hulu,http://rokanhulukab.kpu.go.id/,,Tidak Aktif,
258,14,Kabupaten Siak,http://siakkab.kpu.go.id/,,Tidak Aktif,
259,14,Kabupaten Kepulauan Meranti,http://merantikab.kpu.go.id/,,Tidak Aktif,
260,14,Kota Dumai,http://dumaikota.kpu.go.id/,,Tidak Aktif,
261,14,Kota Pekanbaru,http://pekanbarukota.kpu.go.id/,,Tidak Aktif,
262,15,Kabupaten Batanghari,http://kpu-batangkab.go.id/,,,
263,15,Kabupaten Bungo,http://bungokab.kpu.go.id/,https://kpubungo.wordpress.com/,Tidak Aktif,
264,15,Kabupaten Kerinci,http://www.kpu-kerincikab.go.id/,,,
265,15,Kabupaten Merangin,http://meranginkab.kpu.go.id/,,Tidak Aktif,
266,15,Kabupaten Muaro Jambi,http://muarojambikab.kpu.go.id/,,Tidak Aktif,
267,15,Kabupaten Sarolangun,http://sarolangunkab.kpu.go.id/,,Tidak Aktif,
268,15,Kabupaten Tanjung Jabung Barat,http://kpud.tanjabbarkab.go.id/,,,
269,15,Kabupaten Tanjung Jabung Timur,http://www.kpu-tanjabtim.go.id/,,,
270,15,Kabupaten Tebo,http://tebokab.kpu.go.id/,,Tidak Aktif,
271,15,Kota Jambi,http://www.kpu-jambikota.go.id/,,,
272,15,Kota Sungai Penuh,http://www.kpu-sungaipenuhkota.go.id/,,,
273,21,Kabupaten Bintan,http://www.kpud-bintankab.go.id/html/,,,
274,21,Kabupaten Karimun,http://kpu-karimunkab.go.id/home,,,
275,21,Kabupaten Kepulauan Anambas,http://kpud-kepanambaskab.go.id/,,Suspend,
276,21,Kabupaten Lingga,https://linggakab.kpu.go.id/,,Tidak Aktif ,
277,21,Kabupaten Natuna,https://natunakab.kpu.go.id/index.php,,Tidak Aktif ,
278,21,Kota Batam,http://kpud-batamkota.go.id/,,Suspend,
279,21,Kota Tanjung Pinang,https://tanjungpinangkota.kpu.go.id/,,Tidak Aktif ,
280,17,Kabupaten Bengkulu Selatan,http://kpu-bengkuluselatan.go.id/,,,
281,17,Kabupaten Bengkulu Tengah,https://bengkulutengahkab.kpu.go.id/,,Tidak Aktif,
282,17,Kabupaten Bengkulu Utara,http://bengkuluutarakab.kpu.go.id/,,Tidak Aktif,
283,17,Kabupaten Kaur,http://www.kpu-kaurkab.go.id/index.php/en/36-kegiatan/37-tim-seleksi-anggota-kpu-kabupaten-kaur,,,
284,17,Kabupaten Kepahiang,http://www.kpu-kepahiangkab.go.id/,,,
285,17,Kabupaten Lebong,http://lebongkab.kpu.go.id/,,Tidak Aktif,
286,17,Kabupaten Mukomuko,http://kpu-mukomukokab.go.id/cgi-sys/suspendedpage.cgi,http://kpumukomuko.blogspot.com/,Suspend,
287,17,Kabupaten Rejang Lebong,http://kpu-rejanglebongkab.go.id/,,Suspend,
288,17,Kabupaten Seluma,http://selumakab.kpu.go.id/index.php,,Tidak Aktif,
289,17,Kota Bengkulu,http://bengkulukota.kpu.go.id/,https://kpukota.wordpress.com/,Tidak Aktif,
290,18,Kabupaten Lampung Tengah,http://lampungtengahkab.kpu.go.id/,http://kpulamteng.blogspot.com/,Tidak Aktif,
291,18,Kabupaten Lampung Utara,,http://kpulampungutara.blogspot.com/,,
292,18,Kabupaten Lampung Selatan,https://lampungselatankab.kpu.go.id/,http://kpulamsel.blogspot.com/,Tidak Aktif,
293,18,Kabupaten Lampung Barat,https://lampungbaratkab.kpu.go.id/,http://kpulampungbarat.blogspot.com/,Tidak Aktif,
294,18,Kabupaten Lampung Timur,http://lampungtimurkab.kpu.go.id/,http://kpu-lampungtimur.blogspot.com/,Tidak Aktif,
295,18,Kabupaten Mesuji,,,,
296,18,Kabupaten Pesawaran,https://pesawarankab.kpu.go.id/,http://kpupesawaran.blogspot.com/p/komisioner-kpu-kab-pesawaran.html,Tidak Aktif,
297,18,Kabupaten Pesisir Barat,,,,
298,18,Kabupaten Pringsewu,http://www.kpudpringsewu.com/,http://kpupringsewu.blogspot.com/,,
299,18,Kabupaten Tulang Bawang,http://tulangbawangkab.go.id/,,,
300,18,Kabupaten Tulang Bawang Barat,http://tulangbawangbaratkab.kpu.go.id/,,Tidak Aktif,
301,18,Kabupaten Tanggamus,https://tanggamuskab.kpu.go.id/,http://kputanggamus.blogspot.com/,Tidak Aktif,
302,18,Kabupaten Way Kanan,http://waykanankab.kpu.go.id/,http://kpuwaykanan.blogspot.com/,Tidak Aktif,
303,18,Kota Bandar Lampung,http://kpu-bandarlampungkota.go.id/,http://kpu-bandarlampung.blogspot.com/,,
304,18,Kota Metro,http://kpu-metrokota.go.id/,,,
305,71,Kabupaten Bolaang Mongondow,http://bolaangmongondowkab.kpu.go.id/,http://kpu-bolmong.blogspot.com/,Tidak Aktif,
306,71,Kabupaten Bolaang Mongondow Selatan,,,,http://www.kpu.go.id/koleksigambar/DATA_ANGGOTA_DPRD_BOLAANG_MONGONDOW_SELATAN_001.pdf
307,71,Kabupaten Bolaang Mongondow Timur,,,,
308,71,Kabupaten Bolaang Mongondow Utara,,,,
309,71,Kabupaten Kepulauan Sangihe,http://kepsangihekab.kpu.go.id/,,Tidak Aktif,
310,71,Kabupaten Kepulauan Siau Tagulandang Biaro,,,,
311,71,Kabupaten Kepulauan Talaud,http://keptalaudkab.kpu.go.id/,http://kpudkepulauantalaud.blogspot.com/,Tidak Aktif,
312,71,Kabupaten Minahasa,,http://kpu-minahasa.blogspot.com/,,
313,71,Kabupaten Minahasa Selatan,http://minutkab.kpu.go.id/,,Tidak Aktif,
314,71,Kabupaten Minahasa Tenggara,http://www.kpu-mitrakab.go.id/,,,
315,71,Kabupaten Minahasa Utara,http://minselkab.kpu.go.id/,,Tidak Aktif,
316,71,Kota Bitung,http://www.kpukotabitung.com/media.php?module=home,,,http://www.kpu.go.id/koleksigambar/DATA_ANGGOTA_DPRD_KOTA_BITUNG.pdf
317,71,Kota Kotamobagu,http://kotamobagukota.kpu.go.id/,,Tidak Aktif ,
318,71,Kota Manado,http://manadokota.kpu.go.id/,,Tidak Aktif ,http://www.kpu.go.id/koleksigambar/DATA_ANGGOTA_DPRD_MANADO.pdf
319,71,Kota Tomohon,http://tomohonkota.kpu.go.id/,,Tidak Aktif ,http://www.kpu.go.id/koleksigambar/DATA_ANGGOTA_DPRD_KOTA_TOMOHON.pdf
320,72,Kabupaten Banggai,,,,
321,72,Kabupaten Banggai Kepulauan,http://banggaikepkab.kpu.go.id/,,Tidak Aktif ,
322,72,Kabupaten Buol,http://buolkab.kpu.go.id/,,Tidak Aktif ,
323,72,Kabupaten Donggala,http://donggalakab.kpu.go.id/,,Tidak Aktif ,
324,72,Kabupaten Morowali,http://morowalikab.kpu.go.id/,,Tidak Aktif ,http://www.kpu.go.id/koleksigambar/DATA_ANGGOTA_DPRD_KAB_MOROWALI.pdf
325,72,Kabupaten Parigi Moutong,http://parimokab.kpu.go.id/,,Tidak Aktif ,
326,72,Kabupaten Poso,http://kpu.posokab.go.id/,,,
327,72,Kabupaten Tojo Una-Una,http://tojounaunakab.kpu.go.id/,,Tidak Aktif ,http://www.kpu.go.id/koleksigambar/DATA_ANGGOTA_DPRD_KAB._TOJO_UNA-UNA_.pdf
328,72,Kabupaten Toli-Toli,http://tolitolikab.kpu.go.id/,,Tidak Aktif ,
329,72,Kabupaten Sigi,http://sigikab.kpu.go.id/,,Tidak Aktif ,
330,72,Kota Palu,http://palukota.kpu.go.id/,,Tidak Aktif ,
331,74,Kabupaten Bombana,http://bombanakab.kpu.go.id/,,Tidak Aktif,
332,74,Kabupaten Buton,http://butonkab.kpu.go.id/,,Tidak Aktif,
333,74,Kabupaten Buton Selatan,,,,
334,74,Kabupaten Buton Tengah,,,,
335,74,Kabupaten Buton Utara,,,,
336,74,Kabupaten Kolaka,https://kpukolaka.wordpress.com/author/ceca444804/,,,
337,74,Kabupaten Kolaka Timur,,,,
338,74,Kabupaten Kolaka Utara,http://kolakautarakab.kpu.go.id/,,Tidak Aktif,
339,74,Kabupaten Konawe,http://kpukonawe.blogspot.com/,,,
340,74,Kabupaten Konawe Selatan,http://kolakautarakab.kpu.go.id/,,Tidak Aktif,
341,74,Kabupaten Konawe Utara,http://konaweutarakab.kpu.go.id/,,Tidak Aktif,
342,74,Kabupaten Konawe Kepulauan,,,,
343,74,Kabupaten Muna,http://munakab.kpu.go.id/,,Tidak Aktif,
344,74,Kabupaten Muna Barat,,,,
345,74,Kabupaten Wakatobi,http://kpudkabwakatobi.blogspot.com/,,,
346,74,Kota Bau-Bau,http://kpu.baubaukota.go.id/,,,
347,74,Kota Kendari,http://kpukotakendari.blogspot.com/2013/08/daftar-calon-tetap-anggota-dprd-kota.html,,,
348,19,Kabupaten Bangka,http://www.kpu-bangkakab.go.id/,,,
349,19,Kabupaten Bangka Barat,http://bangkabaratkab.kpu.go.id/,,Tidak Aktif,
350,19,Kabupaten Bangka Selatan,http://kpu-baselkab.go.id/,,,
351,19,Kabupaten Bangka Tengah,http://kpu-bangkatengahkab.go.id/,,,
352,19,Kabupaten Belitung,,,,
353,19,Kabupaten Belitung Timur,http://belitungtimurkab.kpu.go.id/,,Tidak Aktif,
354,19,Kota Pangkal Pinang,http://kpu-pangkalpinangkota.go.id/news/terkini,,,
355,34,Kabupaten Bantul,http://kpud-bantulkab.go.id/,,,
356,34,Kabupaten Gunung Kidul,http://www.kpu-gunungkidulkab.go.id/,http://kpu-gunungkidul.blogspot.com/,,
357,34,Kabupaten Kulon Progo,http://kpukabkp.blogspot.com/,,,
358,34,Kabupaten Sleman,https://kpusleman.wordpress.com/,,,
359,34,Kota Yogyakarta,http://kpu-jogjakota.go.id/,,,
360,11,Kabupaten Aceh Selatan,http://kip.acehselatankab.go.id/,,Tidak Aktif,
361,11,Kabupaten Aceh Tenggara,https://acehtenggarakab.kpu.go.id/,http://kipacehtenggara.blogspot.com/,Tidak Aktif,
362,11,Kabupaten Aceh Timur,http://acehtimurkab.kpu.go.id/,,Tidak Aktif,
363,11,Kabupaten Aceh Tengah,http://acehtengahkab.kpu.go.id/,,Tidak Aktif,
364,11,Kabupaten Aceh Barat,http://www.kip-acehbaratkab.go.id/,,Tidak Aktif,
365,11,Kabupaten Aceh Besar,http://www.kip-acehbesarkab.go.id/,,Aktif,
366,11,Kabupaten Pidie,http://www.kip-pidiekab.go.id/berita-kip-pidie-sosialisasikan-peraturan-kpu-no5-tahun-2014.html,,Aktif,
367,11,Kabupaten Aceh Utara,,http://kpuacehutara.blogspot.com/,,
368,11,Kabupaten Simeulue,http://kipsimeulue.blogspot.com/,,Aktif,
369,11,Kabupaten Aceh Singkil,http://acehsingkilkab.kpu.go.id/,,Tidak Aktif,
370,11,Kabupaten Bireuen,http://kpu-bireuenkab.go.id/,,Suspend,
371,11,Kabupaten Aceh Barat Daya,http://kip-acehbaratdayakab.go.id/,,Suspend,
372,11,Kabupaten Gayo Lues,http://kipgayolues.org/,,Tidak Aktif,
373,11,Kabupaten Aceh Jaya,http://kip-acehjayakab.go.id/,,Aktif,
374,11,Kabupaten Nagan Raya,http://naganrayakab.kpu.go.id/,,Tidak Aktif,
375,11,Kabupaten Aceh Tamiang,http://acehtamiangkab.kpu.go.id/,http://kpuacehtamiang.blogspot.com/,Tidak Aktif,
376,11,Kabupaten Bener Meriah,http://benermeriahkab.kpu.go.id/,,Tidak Aktif,
377,11,Kabupaten Pidie Jaya,http://www.kpud-pidiejayakab.go.id/,,Aktif,
378,11,Kota Banda Aceh,http://kip.bandaacehkota.go.id/,,Aktif,
379,11,Kota Sabang,http://sabangkota.kpu.go.id/,http://kpusabang.blogspot.com/,Tidak Aktif,
380,11,Kota Lhokseumawe,http://www.kiplhokseumawe.com/,,Aktif,
381,11,Kota Langsa,http://kpud-langsakota.go.id/,,Tidak Aktif,
382,11,Kota Subulussalam,http://subulussalamkota.kpu.go.id/,,Tidak Aktif,
383,75,Kabupaten Boalemo,http://kpud.boalemokab.go.id/,,,
384,75,Kabupaten Bone Bolango,http://bonebolangokab.kpu.go.id/,,Tidak Aktif,
385,75,Kabupaten Gorontalo,https://gorontalokab.kpu.go.id/,,Tidak Aktif,
386,75,Kabupaten Gorontalo Utara,http://www.kpud-gorutkab.go.id/,,,
387,75,Kabupaten Pohuwato,http://kpu-pohuwatokab.go.id/new/?cat=9,,Tidak Aktif,
388,75,Kota Gorontalo,http://kpud-gorontalokota.go.id/,,,
389,81,Kabupaten Buru,http://burukab.kpu.go.id/,,Tidak Aktif,
390,81,Kabupaten Buru Selatan,https://buruselatankab.kpu.go.id/,,Tidak Aktif,
391,81,Kabupaten Kepulauan Aru,https://keparukab.kpu.go.id/,,Tidak Aktif,
392,81,Kabupaten Maluku Barat Daya,http://malbardaykab.kpu.go.id/,,Tidak Aktif,
393,81,Kabupaten Maluku Tengah,http://www.kpu-malukutengah.go.id/,,Tidak Aktif,
394,81,Kabupaten Maluku Tenggara,http://maltrakab.kpu.go.id/,,Tidak Aktif,
395,81,Kabupaten Maluku Tenggara Barat,,,,
396,81,Kabupaten Seram Bagian Barat,http://serambagbarkab.kpu.go.id/,,Tidak Aktif,
397,81,Kabupaten Seram Bagian Timur,http://serambagtimkab.kpu.go.id/,,Tidak Aktif,
398,81,Kota Ambon,https://ambonkota.kpu.go.id/,,Tidak Aktif,
399,81,Kota Tual,,http://kota-tual.blogspot.com/,,
400,82,Kabupaten Halmahera Barat,http://halbarkab.kpu.go.id/,,Tidak Aktif,
401,82,Kabupaten Halmahera Tengah,http://haltengkab.kpu.go.id/,,Tidak Aktif,
402,82,Kabupaten Halmahera Utara,http://halutkab.kpu.go.id/,,Tidak Aktif,
403,82,Kabupaten Halmahera Selatan,http://halselkab.kpu.go.id/,,Tidak Aktif,
404,82,Kabupaten Halmahera Timur,http://haltimkab.kpu.go.id/,,Tidak Aktif,
405,82,Kabupaten Kepulauan Sula,http://kepsulakab.kpu.go.id/,,Tidak Aktif,
406,82,Kabupaten Pulau Morotai,http://kepmorotaikab.kpu.go.id/,,Tidak Aktif,
407,82,Kabupaten Pulau Taliabu,,,,
408,82,Kota Ternate,http://kpu-ternatekota.go.id/,,,
409,82,Kota Tidore Kepulauan,http://www.kputidore.com/2015/03/struktur-anggota-kpu-kota-tidore.html,,,
410,62,Kabupaten Barito Selatan,http://kpu-barselkab.go.id/,,,
411,62,Kabupaten Barito Timur,http://baritotimurkab.kpu.go.id/,,Tidak Aktif,
412,62,Kabupaten Barito Utara,http://baritoutarakab.kpu.go.id/,,Tidak Aktif,
413,62,Kabupaten Gunung Mas,http://gunungmaskab.kpu.go.id/,,,
414,62,Kabupaten Kapuas,http://kpu.kapuaskab.go.id/,,,
415,62,Kabupaten Katingan,http://www.kpu-katingankab.go.id/,,,
416,62,Kabupaten Kotawaringin Barat,http://kpu-kotawaringinbaratkab.go.id/,,,
417,62,Kabupaten Kotawaringin Timur,http://kpu-kotawaringintimurkab.go.id/,,,
418,62,Kabupaten Lamandau,http://www.kpu-lamandaukab.go.id/,,Pengembangan,
419,62,Kabupaten Murung Raya,http://kpu-kabmurungraya.go.id/,,,
420,62,Kabupaten Pulang Pisau,http://kpupulpiskalteng.webs.com/,,,
421,62,Kabupaten Sukamara,http://sukamarakab.kpu.go.id/,,Tidak Aktif,
422,62,Kabupaten Seruyan,http://seruyankab.kpu.go.id/,,Tidak Aktif,
423,62,Kota Palangka Raya,http://www.kpu-palangkarayakota.go.id/,,,
424,64,Kabupaten Berau,http://beraukab.kpu.go.id/,,Tidak Aktif,
425,64,Kabupaten Kutai Barat,http://kutaibaratkab.kpu.go.id/,http://mckpukubar.blogspot.com/,Tidak Aktif,
426,64,Kabupaten Kutai Kartanegara,http://www.kpu-kutaikartanegarakab.go.id/,,,
427,64,Kabupaten Kutai Timur,http://kpu-kutaitimurkab.go.id/home,,,
428,64,Kabupaten Paser,http://kpud-paserkab.go.id/,,,
429,64,Kabupaten Penajam Paser Utara,http://www.kpud-penajamkab.go.id/,,,
430,64,Kabupaten Mahakam Ulu,,,,
431,64,Kota Balikpapan,http://kpud-balikpapankota.go.id/,,,
432,64,Kota Bontang,http://bontangkota.kpu.go.id/,http://kpukotabontang.blogspot.com/,Tidak Aktif,
433,64,Kota Samarinda,http://kpu-samarindakota.go.id/,,,
434,63,Kabupaten Balangan,http://www.kpud-balangankab.go.id/,,,
435,63,Kabupaten Banjar,http://banjarkab.kpu.go.id/,"http://kpukabupatenbanjar.blogspot.com/, http://kpud-banjarkota.go.id",Tidak Aktif,
436,63,Kabupaten Barito Kuala,http://baritokualakab.kpu.go.id/,http://kpud-baritokuala.blogspot.com/,Tidak Aktif,
437,63,Kabupaten Hulu Sungai Selatan,http://kpu-hulusungaiselatankab.go.id/,,,
438,63,Kabupaten Hulu Sungai Tengah,http://hulusungaitengahkab.kpu.go.id/,,Tidak Aktif,
439,63,Kabupaten Hulu Sungai Utara,http://hulusungaiutarakab.kpu.go.id/,,Tidak Aktif,
440,63,Kabupaten Kotabaru,http://kotabarukab.kpu.go.id/,https://kpukotabaru.wordpress.com/tentang-kpu/anggota-kpu/,Tidak Aktif,
441,63,Kabupaten Tabalong,http://kpu.tabalongkab.go.id/,,,
442,63,Kabupaten Tanah Bumbu,http://tanahbumbukab.kpu.go.id/,,Tidak Aktif,
443,63,Kabupaten Tanah Laut,http://www.kpu-tanahlautkab.go.id/,http://kputanahlaut.blogspot.com/,,
444,63,Kabupaten Tapin,http://kpud-tapinkab.go.id/,,,
445,63,Kota Banjarbaru,http://kpu-banjarbarukota.go.id/kpu-kalimantan-selatan/,,,
446,63,Kota Banjarmasin,http://kpubanjarmasin.com/home.php,,,
447,61,Kabupaten Bengkayang,http://bengkayangkab.kpu.go.id/,http://kpu-bengkayang.blogspot.com/,Tidak Aktif,
448,61,Kabupaten Kapuas Hulu,http://kpu-kapuashulukab.go.id/kpukapuashulu,,,
449,61,Kabupaten Kayong Utara,,,,
450,61,Kabupaten Ketapang,http://www.kpuketapang.com/home,,,
451,61,Kabupaten Kubu Raya,http://kpukuburaya.com/,,,
452,61,Kabupaten Landak,http://kpu-landakkab.go.id/depan,,,
453,61,Kabupaten Melawi,http://kpu-melawikab.go.id/depan,,,
454,61,Kabupaten Mempawah,,,,
455,61,Kabupaten Sambas,http://kpu-sambaskab.go.id/depan,,,
456,61,Kabupaten Sanggau,http://kpu-sanggaukab.go.id/depan,,,
457,61,Kabupaten Sekadau,http://www.kpu-sekadaukab.go.id/,,,
458,61,Kabupaten Sintang,http://kpud-sintangkab.go.id/,,,
459,61,Kota Pontianak,http://www.kpukabpontianak.com/,http://www.kpupontianak.com/,,
460,61,Kota Singkawang,http://kpu-kotasingkawang.weebly.com/,,,
461,65,Kabupaten Bulungan,http://bulungankab.kpu.go.id/index.php,http://kpubulungan.blogspot.com/,Tidak Aktif,
462,65,Kabupaten Malinau,http://malinaukab.kpu.go.id/,,Tidak Aktif,
463,65,Kabupaten Nunukan,http://nunukankab.kpu.go.id/,http://kpunnk.blogspot.com/,Tidak Aktif,
464,65,Kabupaten Tana Tidung,http://tanatidungkab.kpu.go.id/,,Tidak Aktif,
465,65,Kota Tarakan,http://kpu.tarakankota.go.id/,,,
466,92,Kabupaten Fakfak,http://fakfakkab.kpu.go.id/,,Tidak Aktif,
467,92,Kabupaten Kaimana,http://kaimanakab.kpu.go.id/,,Tidak Aktif,
468,92,Kabupaten Manokwari,http://manokwarikab.kpu.go.id/,,Tidak Aktif,
469,92,Kabupaten Manokwari Selatan,,,,
470,92,Kabupaten Maybrat,http://maybratkab.kpu.go.id/,,Tidak Aktif,
471,92,Kabupaten Pegunungan Arfak,,,,
472,92,Kabupaten Raja Ampat,http://rajaampatkab.kpu.go.id/,,,
473,92,Kabupaten Sorong,,,,
474,92,Kabupaten Sorong Selatan,http://sorongselatankab.kpu.go.id/,,Tidak Aktif,
475,92,Kabupaten Tambrauw,http://tambrauwkab.kpu.go.id/,,Tidak Aktif,
476,92,Kabupaten Teluk Bintuni,http://telbintunikab.kpu.go.id/,,Tidak Aktif,
477,92,Kabupaten Teluk Wondama,http://telwondamakab.kpu.go.id/,http://kputelukwondama.blogspot.com/,Tidak Aktif,
478,92,Kota Sorong,http://sorongkota.kpu.go.id/,,Tidak Aktif,
479,91,Kabupaten Asmat,http://asmatkab.kpu.go.id/,,Tidak Aktif,
480,91,Kabupaten Biak Numfor,http://kpu-biaknumforkab.go.id/,,,
481,91,Kabupaten Boven Digoel,,,,
482,91,Kabupaten Deiyai,http://deiyaikab.kpu.go.id/,,Tidak Aktif,
483,91,Kabupaten Dogiyai,http://dogiyaikab.kpu.go.id/,,Tidak Aktif,
484,91,Kabupaten Intan Jaya,http://intanjayakab.kpu.go.id/,http://kpuintanjaya.blogspot.com/,Tidak Aktif,
485,91,Kabupaten Jayapura,,,,
486,91,Kabupaten Jayawijaya,,,,
487,91,Kabupaten Keerom,http://keeromkab.kpu.go.id/index.php,,Tidak Aktif,
488,91,Kabupaten Kepulauan Yapen,,,,
489,91,Kabupaten Lanny Jaya,http://lannyjayakab.kpu.go.id/,,Tidak Aktif,
490,91,Kabupaten Mamberamo Raya,http://mamberamorayakab.kpu.go.id/,,Tidak Aktif,
491,91,Kabupaten Mamberamo Tengah,http://maberamotengahkab.kpu.go.id/,,Tidak Aktif,
492,91,Kabupaten Mappi,http://mappikab.kpu.go.id/,,Tidak Aktif,
493,91,Kabupaten Merauke,http://meraukekab.kpu.go.id/,,Tidak Aktif,
494,91,Kabupaten Mimika,http://mimikakab.kpu.go.id/,,Tidak Aktif,
495,91,Kabupaten Nabire,http://nabirekab.kpu.go.id/,,Tidak Aktif,
496,91,Kabupaten Nduga,http://dugakab.kpu.go.id/,,Tidak Aktif,
497,91,Kabupaten Paniai,http://paniaikab.kpu.go.id/,http://kpupaniai.tripod.com/,Tidak Aktif,
498,91,Kabupaten Pegunungan Bintang,,,,
499,91,Kabupaten Puncak,,,,
500,91,Kabupaten Puncak Jaya,http://puncakjayakab.kpu.go.id/,,Tidak Aktif,
501,91,Kabupaten Sarmi,http://sarmikab.kpu.go.id/index.php,,Tidak Aktif,
502,91,Kabupaten Supiori,http://supiorikab.kpu.go.id/,,Tidak Aktif,
503,91,Kabupaten Tolikara,http://tolikarakab.kpu.go.id/,,Tidak Aktif,
504,91,Kabupaten Waropen,,,,
505,91,Kabupaten Yahukimo,http://yahukimokab.kpu.go.id/,,Tidak Aktif,
506,91,Kabupaten Yalimo,http://yalimokab.kpu.go.id/,,Tidak Aktif,
507,91,Kota Jayapura,http://jayapurakota.kpu.go.id/,,Tidak Aktif,
508,76,Kabupaten Majene,http://majenekab.kpu.go.id/,http://kpukabupatenmajene.blogspot.com/,Tidak Aktif,
509,76,Kabupaten Mamasa,http://mamasakab.kpu.go.id/,,Tidak Aktif,
510,76,Kabupaten Mamuju,http://kpud-mamujukab.go.id/,,,
511,76,Kabupaten Mamuju Tengah,,,,
512,76,Kabupaten Mamuju Utara,http://mamujuutarakab.kpu.go.id/,,Tidak Aktif,
513,76,Kabupaten Polewali Mandar,http://www.kpud-polewalimandarkab.go.id/,,,
514,11, Aceh ,http://kip-acehprov.go.id/cgi-sys/suspendedpage.cgi,,Suspend,
515,12, Sumatera Utara,http://kpud-sumutprov.go.id/wp/,,,
516,13, Sumatera Barat,http://www.kpu-sumbarprov.go.id/,,,
517,14, Riau,http://kpu-riauprov.go.id/,,,
518,15, Jambi,http://kpud-jambiprov.go.id/,,,
519,16, Sumatera Selatan,http://www.kpud-sumselprov.go.id/home,,,
520,17, Bengkulu,http://www.kpu-bengkuluprov.go.id/,,,
521,18, Lampung,http://www.kpud-lampungprov.go.id/html/,,,
522,19, Kepulauan Bangka Belitung,http://www.kpubabel.com/,,,
523,21, Kepulauan Riau,http://www.kpu.kepriprov.go.id/web/,,,
524,31, DKI Jakarta,http://kpujakarta.go.id/,,,
525,32, Jawa Barat,http://kpu.jabarprov.go.id/,,,
526,33, Jawa Tengah,http://www.kpu-jatengprov.go.id/,,,
527,34, DI Yogyakarta,http://kpud-diyprov.go.id/,,,
528,35, Jawa Timur,http://www.kpujatim.go.id/,,,
529,36, Bali,http://kpud-baliprov.go.id/,,,
530,51, Banten,http://kpu-bantenprov.go.id/,,,
531,52, Nusa Tenggara Barat,http://kpud-ntbprov.go.id/home,,,
532,53, Nusa Tenggara Timur,http://www.kpud-nttprov.go.id/,,Problem Loading,
533,61, Kalimantan Barat,http://kpu-kalbarprov.go.id/depan,,,
534,62, Kalimantan Tengah,http://kpu-kaltengprov.go.id/,,,
535,63, Kalimantan Selatan,http://kpu-kaltengprov.go.id/,,,
536,64, Kalimantan Timur,http://kpu-kaltengprov.go.id/,,,
537,65, Kalimantan Utara,,http://kpukaltara.id/v1/author/sekretariat/,,
538,71, Sulawesi Utara,http://www.kpu-sulutprov.go.id/index.html,,,
539,72, Sulawesi Tengah,http://kpu-sultengprov.go.id/,,,
540,73, Sulawesi Selatan,http://kpud.sulselprov.go.id/,,,
541,74, Sulawesi Tenggara,http://kpud-sultraprov.go.id/,,,
542,75, Gorontalo,http://gorontaloprov.kpu.go.id/index.php,,Tidak Aktif,
543,76, Sulawesi Barat,,,,
544,81, Maluku,http://kpu-malukuprov.go.id/,,,
545,82, Maluku Utara,http://www.kpu-malutprov.go.id/,,,
546,91, Papua ,http://papuaprov.kpu.go.id/,,Tidak Aktif,
547,92, Papua Barat,http://kpu-papuabaratprov.go.id/,,,
